training_seed,evaluation_seed,training_budget_seconds,agent_a,agent_b,games_per_seat,seat_0_payoff,seat_1_payoff,combined_payoff
1,11,300.0,dqn,random,2000,0.8105,0.99575,0.903125
1,22,300.0,dqn,random,2000,0.9075,0.93675,0.922125
1,33,300.0,dqn,random,2000,0.87525,1.031,0.953125
1,44,300.0,dqn,random,2000,0.79525,0.9675,0.881375
1,55,300.0,dqn,random,2000,0.8365,1.0245,0.9305
2,11,300.0,dqn,random,2000,0.82675,0.98125,0.9039999999999999
2,22,300.0,dqn,random,2000,0.85125,0.911,0.8811249999999999
2,33,300.0,dqn,random,2000,0.7755,0.88025,0.8278749999999999
2,44,300.0,dqn,random,2000,0.731,0.805,0.768
2,55,300.0,dqn,random,2000,0.6855,0.86375,0.774625
3,11,300.0,dqn,random,2000,0.8365,0.84925,0.842875
3,22,300.0,dqn,random,2000,0.9375,0.861,0.89925
3,33,300.0,dqn,random,2000,0.95525,0.8315,0.893375
3,44,300.0,dqn,random,2000,0.85,0.8815,0.86575
3,55,300.0,dqn,random,2000,0.8835,0.81,0.84675
4,11,300.0,dqn,random,2000,0.93975,0.85725,0.8985
4,22,300.0,dqn,random,2000,0.94275,0.84675,0.8947499999999999
4,33,300.0,dqn,random,2000,0.9915,0.834,0.91275
4,44,300.0,dqn,random,2000,0.9205,0.8915,0.9059999999999999
4,55,300.0,dqn,random,2000,0.95225,0.93675,0.9445
5,11,300.0,dqn,random,2000,0.96725,0.856,0.911625
5,22,300.0,dqn,random,2000,0.99725,0.8595,0.928375
5,33,300.0,dqn,random,2000,0.91825,0.81775,0.868
5,44,300.0,dqn,random,2000,0.92775,0.86275,0.89525
5,55,300.0,dqn,random,2000,0.80975,0.8775,0.843625
1,11,300.0,nfsp,random,2000,0.5105,0.426,0.46824999999999994
1,22,300.0,nfsp,random,2000,0.64125,0.36025,0.50075
1,33,300.0,nfsp,random,2000,0.5955,0.48575,0.540625
1,44,300.0,nfsp,random,2000,0.50775,0.54475,0.52625
1,55,300.0,nfsp,random,2000,0.61625,0.53375,0.575
2,11,300.0,nfsp,random,2000,0.56475,0.594,0.579375
2,22,300.0,nfsp,random,2000,0.52125,0.4855,0.503375
2,33,300.0,nfsp,random,2000,0.47925,0.53225,0.50575
2,44,300.0,nfsp,random,2000,0.49675,0.51375,0.50525
2,55,300.0,nfsp,random,2000,0.5115,0.6285,0.57
3,11,300.0,nfsp,random,2000,0.504,0.5185,0.51125
3,22,300.0,nfsp,random,2000,0.4935,0.5395,0.5165
3,33,300.0,nfsp,random,2000,0.4715,0.496,0.48375
3,44,300.0,nfsp,random,2000,0.4505,0.59175,0.5211250000000001
3,55,300.0,nfsp,random,2000,0.464,0.54525,0.504625
4,11,300.0,nfsp,random,2000,0.50725,0.5185,0.512875
4,22,300.0,nfsp,random,2000,0.47575,0.49825,0.487
4,33,300.0,nfsp,random,2000,0.47775,0.51925,0.4985
4,44,300.0,nfsp,random,2000,0.48375,0.49875,0.49125
4,55,300.0,nfsp,random,2000,0.57325,0.4915,0.532375
5,11,300.0,nfsp,random,2000,0.4405,0.558,0.49925
5,22,300.0,nfsp,random,2000,0.50725,0.487,0.497125
5,33,300.0,nfsp,random,2000,0.486,0.5305,0.50825
5,44,300.0,nfsp,random,2000,0.6515,0.46075,0.556125
5,55,300.0,nfsp,random,2000,0.5425,0.54675,0.5446249999999999
1,11,300.0,cfr,random,2000,0.72475,0.73,0.727375
1,22,300.0,cfr,random,2000,0.7475,0.644,0.6957500000000001
1,33,300.0,cfr,random,2000,0.77775,0.7025,0.740125
1,44,300.0,cfr,random,2000,0.6985,0.6845,0.6915
1,55,300.0,cfr,random,2000,0.64625,0.714,0.680125
2,11,300.0,cfr,random,2000,0.69975,0.7275,0.713625
2,22,300.0,cfr,random,2000,0.714,0.67425,0.694125
2,33,300.0,cfr,random,2000,0.84,0.75475,0.797375
2,44,300.0,cfr,random,2000,0.7735,0.79125,0.782375
2,55,300.0,cfr,random,2000,0.69175,0.80875,0.75025
3,11,300.0,cfr,random,2000,0.752,0.718,0.735
3,22,300.0,cfr,random,2000,0.7445,0.7775,0.761
3,33,300.0,cfr,random,2000,0.753,0.6905,0.72175
3,44,300.0,cfr,random,2000,0.749,0.75275,0.750875
3,55,300.0,cfr,random,2000,0.74675,0.7735,0.7601249999999999
4,11,300.0,cfr,random,2000,0.85775,0.77225,0.815
4,22,300.0,cfr,random,2000,0.82275,0.825,0.8238749999999999
4,33,300.0,cfr,random,2000,0.79475,0.803,0.798875
4,44,300.0,cfr,random,2000,0.78075,0.81925,0.8
4,55,300.0,cfr,random,2000,0.70325,0.8915,0.797375
5,11,300.0,cfr,random,2000,0.72,0.73025,0.725125
5,22,300.0,cfr,random,2000,0.819,0.77825,0.7986249999999999
5,33,300.0,cfr,random,2000,0.68175,0.813,0.7473749999999999
5,44,300.0,cfr,random,2000,0.72575,0.79725,0.7615000000000001
5,55,300.0,cfr,random,2000,0.6815,0.83075,0.7561249999999999
1,11,300.0,dqn,nfsp,2000,0.377,0.5855,0.48125
1,22,300.0,dqn,nfsp,2000,0.4815,0.53475,0.5081249999999999
1,33,300.0,dqn,nfsp,2000,0.39275,0.5835,0.48812500000000003
1,44,300.0,dqn,nfsp,2000,0.39225,0.61925,0.5057499999999999
1,55,300.0,dqn,nfsp,2000,0.3365,0.67325,0.504875
2,11,300.0,dqn,nfsp,2000,0.28825,0.46675,0.3775
2,22,300.0,dqn,nfsp,2000,0.4195,0.37525,0.397375
2,33,300.0,dqn,nfsp,2000,0.31025,0.51175,0.41100000000000003
2,44,300.0,dqn,nfsp,2000,0.27525,0.523,0.399125
2,55,300.0,dqn,nfsp,2000,0.29825,0.58975,0.444
3,11,300.0,dqn,nfsp,2000,0.4995,0.439,0.46925
3,22,300.0,dqn,nfsp,2000,0.5805,0.3465,0.4635
3,33,300.0,dqn,nfsp,2000,0.5155,0.399,0.45725
3,44,300.0,dqn,nfsp,2000,0.52175,0.3705,0.446125
3,55,300.0,dqn,nfsp,2000,0.4655,0.4745,0.47
4,11,300.0,dqn,nfsp,2000,0.51275,0.45375,0.48325
4,22,300.0,dqn,nfsp,2000,0.73875,0.43875,0.58875
4,33,300.0,dqn,nfsp,2000,0.66425,0.4355,0.549875
4,44,300.0,dqn,nfsp,2000,0.5765,0.47775,0.5271250000000001
4,55,300.0,dqn,nfsp,2000,0.56125,0.44075,0.501
5,11,300.0,dqn,nfsp,2000,0.3795,0.559,0.46925000000000006
5,22,300.0,dqn,nfsp,2000,0.43175,0.44375,0.43775
5,33,300.0,dqn,nfsp,2000,0.47325,0.4905,0.481875
5,44,300.0,dqn,nfsp,2000,0.43525,0.50725,0.47125
5,55,300.0,dqn,nfsp,2000,0.404,0.558,0.48100000000000004
1,11,300.0,dqn,cfr,2000,-0.083,-0.1575,-0.12025
1,22,300.0,dqn,cfr,2000,-0.0215,-0.21275,-0.11712499999999999
1,33,300.0,dqn,cfr,2000,-0.04075,-0.20675,-0.12375
1,44,300.0,dqn,cfr,2000,-0.11925,-0.22475,-0.172
1,55,300.0,dqn,cfr,2000,-0.103,-0.0625,-0.08274999999999999
2,11,300.0,dqn,cfr,2000,-0.11975,-0.1325,-0.126125
2,22,300.0,dqn,cfr,2000,-0.058,-0.22825,-0.143125
2,33,300.0,dqn,cfr,2000,-0.061,-0.2165,-0.13874999999999998
2,44,300.0,dqn,cfr,2000,-0.10975,-0.15925,-0.1345
2,55,300.0,dqn,cfr,2000,-0.1015,-0.01575,-0.058625000000000003
3,11,300.0,dqn,cfr,2000,-0.075,0.0565,-0.009249999999999998
3,22,300.0,dqn,cfr,2000,-0.0445,0.0075,-0.0185
3,33,300.0,dqn,cfr,2000,-0.041,0.0385,-0.0012500000000000011
3,44,300.0,dqn,cfr,2000,-0.07475,0.0645,-0.005124999999999998
3,55,300.0,dqn,cfr,2000,-0.06075,0.129,0.034125
4,11,300.0,dqn,cfr,2000,-0.176,0.029,-0.0735
4,22,300.0,dqn,cfr,2000,-0.14525,-0.05925,-0.10225
4,33,300.0,dqn,cfr,2000,-0.125,-0.0555,-0.09025
4,44,300.0,dqn,cfr,2000,-0.14575,-0.00575,-0.07575
4,55,300.0,dqn,cfr,2000,-0.20225,0.10025,-0.051000000000000004
5,11,300.0,dqn,cfr,2000,-0.049,-0.01675,-0.032875
5,22,300.0,dqn,cfr,2000,0.0215,0.03125,0.026375
5,33,300.0,dqn,cfr,2000,-0.01975,-0.13375,-0.07675
5,44,300.0,dqn,cfr,2000,-0.066,0.004,-0.031
5,55,300.0,dqn,cfr,2000,-0.0325,0.06775,0.017625000000000002
1,11,300.0,nfsp,cfr,2000,-0.394,-0.36625,-0.38012500000000005
1,22,300.0,nfsp,cfr,2000,-0.333,-0.48575,-0.40937500000000004
1,33,300.0,nfsp,cfr,2000,-0.37675,-0.40475,-0.39075
1,44,300.0,nfsp,cfr,2000,-0.516,-0.43175,-0.47387500000000005
1,55,300.0,nfsp,cfr,2000,-0.4815,-0.41775,-0.449625
2,11,300.0,nfsp,cfr,2000,-0.42675,-0.35225,-0.3895
2,22,300.0,nfsp,cfr,2000,-0.307,-0.48125,-0.394125
2,33,300.0,nfsp,cfr,2000,-0.36175,-0.51475,-0.43825000000000003
2,44,300.0,nfsp,cfr,2000,-0.46975,-0.42,-0.444875
2,55,300.0,nfsp,cfr,2000,-0.4365,-0.37625,-0.406375
3,11,300.0,nfsp,cfr,2000,-0.36825,-0.36975,-0.369
3,22,300.0,nfsp,cfr,2000,-0.45575,-0.51125,-0.4835
3,33,300.0,nfsp,cfr,2000,-0.45325,-0.41875,-0.436
3,44,300.0,nfsp,cfr,2000,-0.42775,-0.39975,-0.41375
3,55,300.0,nfsp,cfr,2000,-0.39675,-0.3835,-0.390125
4,11,300.0,nfsp,cfr,2000,-0.51275,-0.42825,-0.47050000000000003
4,22,300.0,nfsp,cfr,2000,-0.47725,-0.55875,-0.518
4,33,300.0,nfsp,cfr,2000,-0.58325,-0.4925,-0.537875
4,44,300.0,nfsp,cfr,2000,-0.48025,-0.4735,-0.476875
4,55,300.0,nfsp,cfr,2000,-0.57075,-0.4065,-0.488625
5,11,300.0,nfsp,cfr,2000,-0.62125,-0.507,-0.564125
5,22,300.0,nfsp,cfr,2000,-0.453,-0.524,-0.48850000000000005
5,33,300.0,nfsp,cfr,2000,-0.4685,-0.4905,-0.47950000000000004
5,44,300.0,nfsp,cfr,2000,-0.4905,-0.46125,-0.475875
5,55,300.0,nfsp,cfr,2000,-0.46175,-0.37225,-0.41700000000000004
