matchup_group,agent_a,agent_b,training_budget_seconds,training_seed_count,evaluation_seed_count,games_per_seat,mean_payoff,confidence_interval_95
reference,latest,random,300.0,5,5,2000,0.91364,0.19289125515155311
reference,latest,dqn,300.0,5,5,2000,-0.42262,0.30652065618918145
reference,latest,nfsp,300.0,5,5,2000,0.263725,0.4193161237897011
reference,latest,cfr,300.0,5,5,2000,-0.380875,0.3285600374737439
reference,uniform,random,300.0,5,5,2000,0.996195,0.05980166791261256
reference,uniform,dqn,300.0,5,5,2000,-0.204685,0.46843405911425523
reference,uniform,nfsp,300.0,5,5,2000,0.676525,0.18078062334627568
reference,uniform,cfr,300.0,5,5,2000,-0.177795,0.14277194192550016
reference,pfsp,random,300.0,5,5,2000,0.89465,0.06427414973558185
reference,pfsp,dqn,300.0,5,5,2000,-0.11596,0.2389399061513702
reference,pfsp,nfsp,300.0,5,5,2000,0.59702,0.18228318217511563
reference,pfsp,cfr,300.0,5,5,2000,-0.10361,0.11980591890255503
reference,uncertainty,random,300.0,5,5,2000,0.8522,0.152559253035455
reference,uncertainty,dqn,300.0,5,5,2000,0.0031500000000000026,0.17406150897656836
reference,uncertainty,nfsp,300.0,5,5,2000,0.33259,0.28654593943869733
reference,uncertainty,cfr,300.0,5,5,2000,-0.221195,0.17230925496775382
head_to_head,latest,uniform,300.0,5,5,2000,-0.379565,0.3918069498026006
head_to_head,latest,pfsp,300.0,5,5,2000,-0.29655,0.5693527731097197
head_to_head,latest,uncertainty,300.0,5,5,2000,-0.38437,0.7042072183361076
head_to_head,uniform,pfsp,300.0,5,5,2000,-0.144785,0.3348986634894108
head_to_head,uniform,uncertainty,300.0,5,5,2000,0.150655,0.5333299198560815
head_to_head,pfsp,uncertainty,300.0,5,5,2000,0.26078,0.37689876466907973
