matchup_group,training_seed,evaluation_seed,training_budget_seconds,agent_a,agent_b,games_per_seat,seat_0_payoff,seat_1_payoff,combined_payoff
reference,1,11,300.0,latest,random,2000,0.81425,0.88525,0.84975
reference,1,22,300.0,latest,random,2000,0.89425,0.92825,0.91125
reference,1,33,300.0,latest,random,2000,0.87825,0.84,0.8591249999999999
reference,1,44,300.0,latest,random,2000,0.8915,0.956,0.92375
reference,1,55,300.0,latest,random,2000,0.81525,0.85875,0.837
reference,2,11,300.0,latest,random,2000,0.644,0.76825,0.706125
reference,2,22,300.0,latest,random,2000,0.68,0.6765,0.67825
reference,2,33,300.0,latest,random,2000,0.70575,0.62075,0.66325
reference,2,44,300.0,latest,random,2000,0.6965,0.7145,0.7055
reference,2,55,300.0,latest,random,2000,0.69925,0.674,0.686625
reference,3,11,300.0,latest,random,2000,1.10525,1.07875,1.092
reference,3,22,300.0,latest,random,2000,1.08875,1.03625,1.0625
reference,3,33,300.0,latest,random,2000,1.1235,0.96575,1.044625
reference,3,44,300.0,latest,random,2000,1.04525,1.065,1.0551249999999999
reference,3,55,300.0,latest,random,2000,1.06425,1.04775,1.056
reference,4,11,300.0,latest,random,2000,1.08875,1.00175,1.04525
reference,4,22,300.0,latest,random,2000,1.11225,1.1065,1.109375
reference,4,33,300.0,latest,random,2000,1.0245,1.01575,1.020125
reference,4,44,300.0,latest,random,2000,1.01175,1.06575,1.0387499999999998
reference,4,55,300.0,latest,random,2000,1.071,1.09575,1.083375
reference,5,11,300.0,latest,random,2000,0.926,0.916,0.921
reference,5,22,300.0,latest,random,2000,0.8285,0.88825,0.858375
reference,5,33,300.0,latest,random,2000,0.89125,0.884,0.887625
reference,5,44,300.0,latest,random,2000,0.8265,0.97225,0.899375
reference,5,55,300.0,latest,random,2000,0.799,0.89475,0.846875
reference,1,11,300.0,latest,dqn,2000,-0.5305,-0.5985,-0.5645
reference,1,22,300.0,latest,dqn,2000,-0.457,-0.7535,-0.60525
reference,1,33,300.0,latest,dqn,2000,-0.4425,-0.6895,-0.5660000000000001
reference,1,44,300.0,latest,dqn,2000,-0.458,-0.61,-0.534
reference,1,55,300.0,latest,dqn,2000,-0.6115,-0.563,-0.58725
reference,2,11,300.0,latest,dqn,2000,-0.405,-0.0955,-0.25025000000000003
reference,2,22,300.0,latest,dqn,2000,-0.275,-0.199,-0.23700000000000002
reference,2,33,300.0,latest,dqn,2000,-0.322,-0.1655,-0.24375000000000002
reference,2,44,300.0,latest,dqn,2000,-0.4215,-0.1145,-0.268
reference,2,55,300.0,latest,dqn,2000,-0.3895,-0.0205,-0.20500000000000002
reference,3,11,300.0,latest,dqn,2000,-0.2895,-0.4065,-0.348
reference,3,22,300.0,latest,dqn,2000,-0.1915,-0.541,-0.36625
reference,3,33,300.0,latest,dqn,2000,-0.2415,-0.5195,-0.38049999999999995
reference,3,44,300.0,latest,dqn,2000,-0.3355,-0.4475,-0.3915
reference,3,55,300.0,latest,dqn,2000,-0.3505,-0.3545,-0.3525
reference,4,11,300.0,latest,dqn,2000,0.148,-0.4585,-0.15525
reference,4,22,300.0,latest,dqn,2000,0.261,-0.571,-0.15499999999999997
reference,4,33,300.0,latest,dqn,2000,0.1945,-0.5895,-0.1975
reference,4,44,300.0,latest,dqn,2000,0.11,-0.446,-0.168
reference,4,55,300.0,latest,dqn,2000,0.0965,-0.396,-0.14975
reference,5,11,300.0,latest,dqn,2000,-0.953,-0.606,-0.7795
reference,5,22,300.0,latest,dqn,2000,-0.8645,-0.677,-0.77075
reference,5,33,300.0,latest,dqn,2000,-0.863,-0.626,-0.7444999999999999
reference,5,44,300.0,latest,dqn,2000,-0.952,-0.585,-0.7685
reference,5,55,300.0,latest,dqn,2000,-1.0525,-0.5015,-0.7769999999999999
reference,1,11,300.0,latest,nfsp,2000,0.387,0.60725,0.497125
reference,1,22,300.0,latest,nfsp,2000,0.62375,0.499,0.561375
reference,1,33,300.0,latest,nfsp,2000,0.4595,0.56975,0.514625
reference,1,44,300.0,latest,nfsp,2000,0.556,0.57775,0.566875
reference,1,55,300.0,latest,nfsp,2000,0.425,0.6325,0.5287499999999999
reference,2,11,300.0,latest,nfsp,2000,-0.15425,-0.13675,-0.14550000000000002
reference,2,22,300.0,latest,nfsp,2000,-0.19825,-0.25125,-0.22475
reference,2,33,300.0,latest,nfsp,2000,-0.122,-0.18675,-0.15437499999999998
reference,2,44,300.0,latest,nfsp,2000,-0.2475,-0.06375,-0.155625
reference,2,55,300.0,latest,nfsp,2000,-0.23625,-0.18125,-0.20875
reference,3,11,300.0,latest,nfsp,2000,0.46675,0.62075,0.54375
reference,3,22,300.0,latest,nfsp,2000,0.546,0.44275,0.494375
reference,3,33,300.0,latest,nfsp,2000,0.51425,0.55875,0.5365
reference,3,44,300.0,latest,nfsp,2000,0.434,0.599,0.5165
reference,3,55,300.0,latest,nfsp,2000,0.49,0.6805,0.58525
reference,4,11,300.0,latest,nfsp,2000,0.36475,0.5695,0.467125
reference,4,22,300.0,latest,nfsp,2000,0.40725,0.34625,0.37675000000000003
reference,4,33,300.0,latest,nfsp,2000,0.448,0.32775,0.38787499999999997
reference,4,44,300.0,latest,nfsp,2000,0.5215,0.45475,0.488125
reference,4,55,300.0,latest,nfsp,2000,0.442,0.5975,0.51975
reference,5,11,300.0,latest,nfsp,2000,0.0375,-0.0675,-0.015000000000000003
reference,5,22,300.0,latest,nfsp,2000,-0.07925,0.01625,-0.0315
reference,5,33,300.0,latest,nfsp,2000,-0.028,0.05725,0.014625
reference,5,44,300.0,latest,nfsp,2000,-0.0695,0.0795,0.0049999999999999975
reference,5,55,300.0,latest,nfsp,2000,-0.056,-0.0955,-0.07575
reference,1,11,300.0,latest,cfr,2000,-0.39425,-0.32275,-0.3585
reference,1,22,300.0,latest,cfr,2000,-0.2915,-0.4745,-0.383
reference,1,33,300.0,latest,cfr,2000,-0.42575,-0.38725,-0.4065
reference,1,44,300.0,latest,cfr,2000,-0.37975,-0.34675,-0.36324999999999996
reference,1,55,300.0,latest,cfr,2000,-0.37775,-0.19475,-0.28625
reference,2,11,300.0,latest,cfr,2000,-0.15875,-0.065,-0.111875
reference,2,22,300.0,latest,cfr,2000,-0.057,-0.1455,-0.10124999999999999
reference,2,33,300.0,latest,cfr,2000,-0.08425,-0.16425,-0.12425
reference,2,44,300.0,latest,cfr,2000,-0.2165,-0.14475,-0.18062499999999998
reference,2,55,300.0,latest,cfr,2000,-0.07775,0.00875,-0.0345
reference,3,11,300.0,latest,cfr,2000,-0.24525,-0.3045,-0.274875
reference,3,22,300.0,latest,cfr,2000,-0.168,-0.36775,-0.26787500000000003
reference,3,33,300.0,latest,cfr,2000,-0.30725,-0.32925,-0.31825000000000003
reference,3,44,300.0,latest,cfr,2000,-0.32775,-0.2615,-0.294625
reference,3,55,300.0,latest,cfr,2000,-0.34675,-0.10725,-0.227
reference,4,11,300.0,latest,cfr,2000,-0.34975,-0.32,-0.33487500000000003
reference,4,22,300.0,latest,cfr,2000,-0.30325,-0.3955,-0.349375
reference,4,33,300.0,latest,cfr,2000,-0.39325,-0.312,-0.35262499999999997
reference,4,44,300.0,latest,cfr,2000,-0.37175,-0.269,-0.320375
reference,4,55,300.0,latest,cfr,2000,-0.402,-0.25125,-0.326625
reference,5,11,300.0,latest,cfr,2000,-0.7235,-0.8,-0.76175
reference,5,22,300.0,latest,cfr,2000,-0.7765,-0.9185,-0.8474999999999999
reference,5,33,300.0,latest,cfr,2000,-0.744,-0.81525,-0.779625
reference,5,44,300.0,latest,cfr,2000,-0.8885,-0.82775,-0.858125
reference,5,55,300.0,latest,cfr,2000,-0.9735,-0.74325,-0.858375
reference,1,11,300.0,uniform,random,2000,0.917,0.95425,0.935625
reference,1,22,300.0,uniform,random,2000,0.99225,0.932,0.962125
reference,1,33,300.0,uniform,random,2000,0.95125,0.9385,0.944875
reference,1,44,300.0,uniform,random,2000,0.906,0.919,0.9125000000000001
reference,1,55,300.0,uniform,random,2000,0.91425,1.05125,0.98275
reference,2,11,300.0,uniform,random,2000,0.998,1.06975,1.033875
reference,2,22,300.0,uniform,random,2000,1.03625,1.05725,1.0467499999999998
reference,2,33,300.0,uniform,random,2000,1.052,0.95325,1.002625
reference,2,44,300.0,uniform,random,2000,0.92475,1.0175,0.971125
reference,2,55,300.0,uniform,random,2000,1.0125,1.091,1.05175
reference,3,11,300.0,uniform,random,2000,1.02525,1.09475,1.06
reference,3,22,300.0,uniform,random,2000,0.97075,0.973,0.971875
reference,3,33,300.0,uniform,random,2000,1.118,0.99475,1.056375
reference,3,44,300.0,uniform,random,2000,1.045,1.00475,1.024875
reference,3,55,300.0,uniform,random,2000,0.965,1.14825,1.056625
reference,4,11,300.0,uniform,random,2000,1.02275,0.97775,1.00025
reference,4,22,300.0,uniform,random,2000,0.97875,0.92625,0.9525
reference,4,33,300.0,uniform,random,2000,0.91275,0.98625,0.9495
reference,4,44,300.0,uniform,random,2000,0.961,0.91925,0.940125
reference,4,55,300.0,uniform,random,2000,0.85275,0.8655,0.859125
reference,5,11,300.0,uniform,random,2000,0.97075,1.02925,1.0
reference,5,22,300.0,uniform,random,2000,1.0835,1.019,1.05125
reference,5,33,300.0,uniform,random,2000,1.04725,1.0185,1.032875
reference,5,44,300.0,uniform,random,2000,1.10225,0.98725,1.04475
reference,5,55,300.0,uniform,random,2000,0.98875,1.13275,1.06075
reference,1,11,300.0,uniform,dqn,2000,-0.1145,0.3445,0.11499999999999999
reference,1,22,300.0,uniform,dqn,2000,0.006,0.2405,0.12325
reference,1,33,300.0,uniform,dqn,2000,0.042,0.2535,0.14775
reference,1,44,300.0,uniform,dqn,2000,0.0015,0.3335,0.1675
reference,1,55,300.0,uniform,dqn,2000,-0.1575,0.349,0.09574999999999999
reference,2,11,300.0,uniform,dqn,2000,0.206,0.008,0.107
reference,2,22,300.0,uniform,dqn,2000,0.311,-0.082,0.11449999999999999
reference,2,33,300.0,uniform,dqn,2000,0.2605,-0.047,0.10675000000000001
reference,2,44,300.0,uniform,dqn,2000,0.269,0.0035,0.13625
reference,2,55,300.0,uniform,dqn,2000,0.2155,0.0655,0.1405
reference,3,11,300.0,uniform,dqn,2000,-0.5955,-0.227,-0.41125
reference,3,22,300.0,uniform,dqn,2000,-0.517,-0.3555,-0.43625
reference,3,33,300.0,uniform,dqn,2000,-0.505,-0.301,-0.403
reference,3,44,300.0,uniform,dqn,2000,-0.554,-0.285,-0.4195
reference,3,55,300.0,uniform,dqn,2000,-0.57,-0.2025,-0.38625
reference,4,11,300.0,uniform,dqn,2000,-0.3135,0.08375,-0.114875
reference,4,22,300.0,uniform,dqn,2000,-0.24775,0.0675,-0.090125
reference,4,33,300.0,uniform,dqn,2000,-0.2135,0.0355,-0.089
reference,4,44,300.0,uniform,dqn,2000,-0.29275,0.10275,-0.095
reference,4,55,300.0,uniform,dqn,2000,-0.44575,0.1175,-0.164125
reference,5,11,300.0,uniform,dqn,2000,-0.8055,-0.7705,-0.788
reference,5,22,300.0,uniform,dqn,2000,-0.6775,-0.8665,-0.772
reference,5,33,300.0,uniform,dqn,2000,-0.6365,-0.833,-0.73475
reference,5,44,300.0,uniform,dqn,2000,-0.72,-0.7895,-0.75475
reference,5,55,300.0,uniform,dqn,2000,-0.757,-0.668,-0.7125
reference,1,11,300.0,uniform,nfsp,2000,0.54425,0.606,0.575125
reference,1,22,300.0,uniform,nfsp,2000,0.669,0.511,0.5900000000000001
reference,1,33,300.0,uniform,nfsp,2000,0.63675,0.555,0.595875
reference,1,44,300.0,uniform,nfsp,2000,0.55975,0.61,0.584875
reference,1,55,300.0,uniform,nfsp,2000,0.4435,0.6365,0.54
reference,2,11,300.0,uniform,nfsp,2000,0.30075,0.58125,0.44100000000000006
reference,2,22,300.0,uniform,nfsp,2000,0.55025,0.47775,0.514
reference,2,33,300.0,uniform,nfsp,2000,0.43125,0.45475,0.443
reference,2,44,300.0,uniform,nfsp,2000,0.39,0.60225,0.496125
reference,2,55,300.0,uniform,nfsp,2000,0.45075,0.529,0.489875
reference,3,11,300.0,uniform,nfsp,2000,0.65725,0.7855,0.721375
reference,3,22,300.0,uniform,nfsp,2000,0.8485,0.60175,0.725125
reference,3,33,300.0,uniform,nfsp,2000,0.8415,0.73675,0.7891250000000001
reference,3,44,300.0,uniform,nfsp,2000,0.70125,0.6565,0.678875
reference,3,55,300.0,uniform,nfsp,2000,0.6685,0.8315,0.75
reference,4,11,300.0,uniform,nfsp,2000,0.64725,0.80575,0.7264999999999999
reference,4,22,300.0,uniform,nfsp,2000,0.74275,0.73675,0.73975
reference,4,33,300.0,uniform,nfsp,2000,0.78825,0.7635,0.775875
reference,4,44,300.0,uniform,nfsp,2000,0.72175,0.88425,0.8029999999999999
reference,4,55,300.0,uniform,nfsp,2000,0.62225,0.91775,0.77
reference,5,11,300.0,uniform,nfsp,2000,0.79125,0.76475,0.778
reference,5,22,300.0,uniform,nfsp,2000,0.93475,0.75375,0.84425
reference,5,33,300.0,uniform,nfsp,2000,0.9495,0.77975,0.864625
reference,5,44,300.0,uniform,nfsp,2000,0.8275,0.8435,0.8355
reference,5,55,300.0,uniform,nfsp,2000,0.7945,0.888,0.84125
reference,1,11,300.0,uniform,cfr,2000,-0.0165,0.01225,-0.002125
reference,1,22,300.0,uniform,cfr,2000,0.0495,0.0035,0.026500000000000003
reference,1,33,300.0,uniform,cfr,2000,0.057,-0.0385,0.009250000000000001
reference,1,44,300.0,uniform,cfr,2000,-0.04225,0.013,-0.014625000000000003
reference,1,55,300.0,uniform,cfr,2000,-0.05875,0.1135,0.027375000000000003
reference,2,11,300.0,uniform,cfr,2000,-0.23225,-0.2065,-0.219375
reference,2,22,300.0,uniform,cfr,2000,-0.1775,-0.29625,-0.236875
reference,2,33,300.0,uniform,cfr,2000,-0.217,-0.294,-0.2555
reference,2,44,300.0,uniform,cfr,2000,-0.25425,-0.24475,-0.2495
reference,2,55,300.0,uniform,cfr,2000,-0.22,-0.08025,-0.150125
reference,3,11,300.0,uniform,cfr,2000,-0.3215,-0.27975,-0.30062500000000003
reference,3,22,300.0,uniform,cfr,2000,-0.27075,-0.364,-0.31737499999999996
reference,3,33,300.0,uniform,cfr,2000,-0.2375,-0.3205,-0.279
reference,3,44,300.0,uniform,cfr,2000,-0.3335,-0.30475,-0.319125
reference,3,55,300.0,uniform,cfr,2000,-0.37825,-0.216,-0.297125
reference,4,11,300.0,uniform,cfr,2000,-0.205,-0.12125,-0.163125
reference,4,22,300.0,uniform,cfr,2000,-0.182,-0.18775,-0.184875
reference,4,33,300.0,uniform,cfr,2000,-0.1465,-0.1975,-0.172
reference,4,44,300.0,uniform,cfr,2000,-0.1615,-0.18775,-0.174625
reference,4,55,300.0,uniform,cfr,2000,-0.31425,-0.0675,-0.190875
reference,5,11,300.0,uniform,cfr,2000,-0.1755,-0.18325,-0.179375
reference,5,22,300.0,uniform,cfr,2000,-0.1985,-0.26625,-0.232375
reference,5,33,300.0,uniform,cfr,2000,-0.15325,-0.23275,-0.193
reference,5,44,300.0,uniform,cfr,2000,-0.28875,-0.24875,-0.26875
reference,5,55,300.0,uniform,cfr,2000,-0.14925,-0.066,-0.107625
reference,1,11,300.0,pfsp,random,2000,0.87525,0.84925,0.86225
reference,1,22,300.0,pfsp,random,2000,0.86175,0.87525,0.8685
reference,1,33,300.0,pfsp,random,2000,0.8605,0.82975,0.845125
reference,1,44,300.0,pfsp,random,2000,0.8295,0.83475,0.832125
reference,1,55,300.0,pfsp,random,2000,0.8915,0.91025,0.900875
reference,2,11,300.0,pfsp,random,2000,0.775,0.9,0.8375
reference,2,22,300.0,pfsp,random,2000,0.84525,0.811,0.828125
reference,2,33,300.0,pfsp,random,2000,0.94875,0.87575,0.91225
reference,2,44,300.0,pfsp,random,2000,0.8215,0.736,0.77875
reference,2,55,300.0,pfsp,random,2000,0.796,0.821,0.8085
reference,3,11,300.0,pfsp,random,2000,0.85825,0.90525,0.88175
reference,3,22,300.0,pfsp,random,2000,0.917,0.80325,0.860125
reference,3,33,300.0,pfsp,random,2000,0.82475,0.87125,0.848
reference,3,44,300.0,pfsp,random,2000,0.88725,0.90525,0.89625
reference,3,55,300.0,pfsp,random,2000,0.8705,1.0005,0.9355
reference,4,11,300.0,pfsp,random,2000,0.8775,0.96475,0.921125
reference,4,22,300.0,pfsp,random,2000,0.9725,0.943,0.95775
reference,4,33,300.0,pfsp,random,2000,0.99575,0.91975,0.95775
reference,4,44,300.0,pfsp,random,2000,0.90025,0.942,0.921125
reference,4,55,300.0,pfsp,random,2000,0.8915,0.9535,0.9225
reference,5,11,300.0,pfsp,random,2000,0.91075,0.92,0.915375
reference,5,22,300.0,pfsp,random,2000,0.98475,0.8785,0.9316249999999999
reference,5,33,300.0,pfsp,random,2000,1.01525,0.9635,0.989375
reference,5,44,300.0,pfsp,random,2000,0.96175,0.95225,0.9570000000000001
reference,5,55,300.0,pfsp,random,2000,0.97325,1.02075,0.997
reference,1,11,300.0,pfsp,dqn,2000,-0.0865,-0.25,-0.16825
reference,1,22,300.0,pfsp,dqn,2000,-0.02,-0.2835,-0.15175
reference,1,33,300.0,pfsp,dqn,2000,-0.052,-0.286,-0.16899999999999998
reference,1,44,300.0,pfsp,dqn,2000,-0.0485,-0.292,-0.17024999999999998
reference,1,55,300.0,pfsp,dqn,2000,-0.1385,-0.197,-0.16775
reference,2,11,300.0,pfsp,dqn,2000,0.358,-0.0665,0.14575
reference,2,22,300.0,pfsp,dqn,2000,0.447,-0.107,0.17
reference,2,33,300.0,pfsp,dqn,2000,0.4295,-0.078,0.17575
reference,2,44,300.0,pfsp,dqn,2000,0.3755,-0.0875,0.14400000000000002
reference,2,55,300.0,pfsp,dqn,2000,0.3895,0.005,0.19725
reference,3,11,300.0,pfsp,dqn,2000,-0.0655,-0.3185,-0.192
reference,3,22,300.0,pfsp,dqn,2000,-0.086,-0.385,-0.2355
reference,3,33,300.0,pfsp,dqn,2000,-0.044,-0.345,-0.19449999999999998
reference,3,44,300.0,pfsp,dqn,2000,-0.0395,-0.3865,-0.213
reference,3,55,300.0,pfsp,dqn,2000,-0.131,-0.2875,-0.20925
reference,4,11,300.0,pfsp,dqn,2000,-0.6135,-0.0625,-0.338
reference,4,22,300.0,pfsp,dqn,2000,-0.5595,-0.1375,-0.34850000000000003
reference,4,33,300.0,pfsp,dqn,2000,-0.5025,-0.1395,-0.32099999999999995
reference,4,44,300.0,pfsp,dqn,2000,-0.5835,-0.143,-0.36325
reference,4,55,300.0,pfsp,dqn,2000,-0.662,0.0025,-0.32975000000000004
reference,5,11,300.0,pfsp,dqn,2000,0.1655,-0.2495,-0.041999999999999996
reference,5,22,300.0,pfsp,dqn,2000,0.253,-0.3615,-0.05424999999999999
reference,5,33,300.0,pfsp,dqn,2000,0.2545,-0.2955,-0.02049999999999999
reference,5,44,300.0,pfsp,dqn,2000,0.248,-0.269,-0.01050000000000001
reference,5,55,300.0,pfsp,dqn,2000,0.1185,-0.184,-0.03275
reference,1,11,300.0,pfsp,nfsp,2000,0.3105,0.419,0.36475
reference,1,22,300.0,pfsp,nfsp,2000,0.482,0.3515,0.41674999999999995
reference,1,33,300.0,pfsp,nfsp,2000,0.412,0.405,0.4085
reference,1,44,300.0,pfsp,nfsp,2000,0.358,0.37925,0.368625
reference,1,55,300.0,pfsp,nfsp,2000,0.3595,0.491,0.42525
reference,2,11,300.0,pfsp,nfsp,2000,0.3685,0.58775,0.478125
reference,2,22,300.0,pfsp,nfsp,2000,0.57425,0.4025,0.488375
reference,2,33,300.0,pfsp,nfsp,2000,0.54175,0.48725,0.5145
reference,2,44,300.0,pfsp,nfsp,2000,0.37075,0.531,0.450875
reference,2,55,300.0,pfsp,nfsp,2000,0.41525,0.557,0.48612500000000003
reference,3,11,300.0,pfsp,nfsp,2000,0.69025,0.645,0.667625
reference,3,22,300.0,pfsp,nfsp,2000,0.81725,0.582,0.6996249999999999
reference,3,33,300.0,pfsp,nfsp,2000,0.76275,0.71025,0.7365
reference,3,44,300.0,pfsp,nfsp,2000,0.666,0.6625,0.66425
reference,3,55,300.0,pfsp,nfsp,2000,0.6375,0.70425,0.670875
reference,4,11,300.0,pfsp,nfsp,2000,0.68125,0.6775,0.6793750000000001
reference,4,22,300.0,pfsp,nfsp,2000,0.73825,0.706,0.7221249999999999
reference,4,33,300.0,pfsp,nfsp,2000,0.813,0.62125,0.717125
reference,4,44,300.0,pfsp,nfsp,2000,0.66325,0.69675,0.6799999999999999
reference,4,55,300.0,pfsp,nfsp,2000,0.69025,0.69925,0.69475
reference,5,11,300.0,pfsp,nfsp,2000,0.687,0.7475,0.71725
reference,5,22,300.0,pfsp,nfsp,2000,0.8305,0.66425,0.747375
reference,5,33,300.0,pfsp,nfsp,2000,0.76825,0.7345,0.751375
reference,5,44,300.0,pfsp,nfsp,2000,0.67825,0.70175,0.69
reference,5,55,300.0,pfsp,nfsp,2000,0.624,0.74675,0.6853750000000001
reference,1,11,300.0,pfsp,cfr,2000,-0.0595,-0.048,-0.05375
reference,1,22,300.0,pfsp,cfr,2000,-0.02,-0.092,-0.056
reference,1,33,300.0,pfsp,cfr,2000,-0.04175,-0.08375,-0.06275
reference,1,44,300.0,pfsp,cfr,2000,-0.07325,-0.05225,-0.06275
reference,1,55,300.0,pfsp,cfr,2000,-0.036,0.0275,-0.004249999999999999
reference,2,11,300.0,pfsp,cfr,2000,-0.08375,-0.073,-0.078375
reference,2,22,300.0,pfsp,cfr,2000,-0.048,-0.12075,-0.084375
reference,2,33,300.0,pfsp,cfr,2000,-0.0565,-0.1255,-0.091
reference,2,44,300.0,pfsp,cfr,2000,-0.1105,-0.13675,-0.12362500000000001
reference,2,55,300.0,pfsp,cfr,2000,-0.1155,0.03775,-0.03887500000000001
reference,3,11,300.0,pfsp,cfr,2000,-0.2345,-0.2145,-0.22449999999999998
reference,3,22,300.0,pfsp,cfr,2000,-0.24525,-0.27925,-0.26225
reference,3,33,300.0,pfsp,cfr,2000,-0.23375,-0.288,-0.26087499999999997
reference,3,44,300.0,pfsp,cfr,2000,-0.2675,-0.27225,-0.269875
reference,3,55,300.0,pfsp,cfr,2000,-0.3205,-0.183,-0.25175000000000003
reference,4,11,300.0,pfsp,cfr,2000,-0.21275,-0.1235,-0.168125
reference,4,22,300.0,pfsp,cfr,2000,-0.10625,-0.1615,-0.133875
reference,4,33,300.0,pfsp,cfr,2000,-0.096,-0.16,-0.128
reference,4,44,300.0,pfsp,cfr,2000,-0.098,-0.1855,-0.14175
reference,4,55,300.0,pfsp,cfr,2000,-0.15275,-0.0175,-0.085125
reference,5,11,300.0,pfsp,cfr,2000,-0.01575,-0.01875,-0.01725
reference,5,22,300.0,pfsp,cfr,2000,0.00375,-0.07575,-0.036
reference,5,33,300.0,pfsp,cfr,2000,0.05325,-0.02625,0.0135
reference,5,44,300.0,pfsp,cfr,2000,-0.017,0.00275,-0.007125000000000001
reference,5,55,300.0,pfsp,cfr,2000,-0.01125,0.08825,0.0385
reference,1,11,300.0,uncertainty,random,2000,1.014,0.9765,0.99525
reference,1,22,300.0,uncertainty,random,2000,0.96525,0.98925,0.97725
reference,1,33,300.0,uncertainty,random,2000,1.04175,0.9665,1.004125
reference,1,44,300.0,uncertainty,random,2000,0.92,0.95375,0.936875
reference,1,55,300.0,uncertainty,random,2000,0.9295,0.97275,0.951125
reference,2,11,300.0,uncertainty,random,2000,0.81525,0.8485,0.831875
reference,2,22,300.0,uncertainty,random,2000,0.793,0.80425,0.798625
reference,2,33,300.0,uncertainty,random,2000,0.78175,0.76275,0.77225
reference,2,44,300.0,uncertainty,random,2000,0.81575,0.78475,0.8002499999999999
reference,2,55,300.0,uncertainty,random,2000,0.7255,0.83125,0.778375
reference,3,11,300.0,uncertainty,random,2000,0.9705,0.94475,0.957625
reference,3,22,300.0,uncertainty,random,2000,1.0615,0.91,0.9857500000000001
reference,3,33,300.0,uncertainty,random,2000,1.003,0.883,0.943
reference,3,44,300.0,uncertainty,random,2000,0.94425,0.98475,0.9645
reference,3,55,300.0,uncertainty,random,2000,1.00825,1.02575,1.017
reference,4,11,300.0,uncertainty,random,2000,0.7635,0.91,0.83675
reference,4,22,300.0,uncertainty,random,2000,0.85175,0.817,0.834375
reference,4,33,300.0,uncertainty,random,2000,0.826,0.84875,0.837375
reference,4,44,300.0,uncertainty,random,2000,0.8035,0.85,0.82675
reference,4,55,300.0,uncertainty,random,2000,0.81175,0.83825,0.825
reference,5,11,300.0,uncertainty,random,2000,0.69575,0.6635,0.6796249999999999
reference,5,22,300.0,uncertainty,random,2000,0.71325,0.67275,0.6930000000000001
reference,5,33,300.0,uncertainty,random,2000,0.697,0.70425,0.700625
reference,5,44,300.0,uncertainty,random,2000,0.68,0.6855,0.68275
reference,5,55,300.0,uncertainty,random,2000,0.63975,0.71,0.674875
reference,1,11,300.0,uncertainty,dqn,2000,-0.2515,0.1695,-0.040999999999999995
reference,1,22,300.0,uncertainty,dqn,2000,-0.167,0.0315,-0.06775
reference,1,33,300.0,uncertainty,dqn,2000,-0.192,0.071,-0.060500000000000005
reference,1,44,300.0,uncertainty,dqn,2000,-0.1675,0.14,-0.013749999999999998
reference,1,55,300.0,uncertainty,dqn,2000,-0.3105,0.164,-0.07325
reference,2,11,300.0,uncertainty,dqn,2000,-0.0985,0.475,0.18824999999999997
reference,2,22,300.0,uncertainty,dqn,2000,-0.003,0.344,0.17049999999999998
reference,2,33,300.0,uncertainty,dqn,2000,-0.126,0.361,0.1175
reference,2,44,300.0,uncertainty,dqn,2000,-0.182,0.5425,0.18025
reference,2,55,300.0,uncertainty,dqn,2000,-0.078,0.5815,0.25175000000000003
reference,3,11,300.0,uncertainty,dqn,2000,-0.1395,-0.164,-0.15175
reference,3,22,300.0,uncertainty,dqn,2000,0.016,-0.386,-0.185
reference,3,33,300.0,uncertainty,dqn,2000,-0.037,-0.306,-0.17149999999999999
reference,3,44,300.0,uncertainty,dqn,2000,-0.2105,-0.243,-0.22675
reference,3,55,300.0,uncertainty,dqn,2000,-0.1605,-0.109,-0.13475
reference,4,11,300.0,uncertainty,dqn,2000,-0.265,0.2045,-0.030250000000000013
reference,4,22,300.0,uncertainty,dqn,2000,-0.2655,0.1105,-0.07750000000000001
reference,4,33,300.0,uncertainty,dqn,2000,-0.219,0.096,-0.0615
reference,4,44,300.0,uncertainty,dqn,2000,-0.1815,0.1325,-0.024499999999999994
reference,4,55,300.0,uncertainty,dqn,2000,-0.2565,0.1975,-0.0295
reference,5,11,300.0,uncertainty,dqn,2000,-0.015,0.216,0.1005
reference,5,22,300.0,uncertainty,dqn,2000,0.0915,0.1965,0.14400000000000002
reference,5,33,300.0,uncertainty,dqn,2000,0.0595,0.165,0.11225
reference,5,44,300.0,uncertainty,dqn,2000,-0.0045,0.1575,0.0765
reference,5,55,300.0,uncertainty,dqn,2000,-0.036,0.209,0.0865
reference,1,11,300.0,uncertainty,nfsp,2000,0.602,0.75275,0.6773750000000001
reference,1,22,300.0,uncertainty,nfsp,2000,0.63725,0.55075,0.594
reference,1,33,300.0,uncertainty,nfsp,2000,0.59375,0.68175,0.63775
reference,1,44,300.0,uncertainty,nfsp,2000,0.58225,0.62425,0.6032500000000001
reference,1,55,300.0,uncertainty,nfsp,2000,0.4435,0.6565,0.55
reference,2,11,300.0,uncertainty,nfsp,2000,-0.08675,0.10625,0.009750000000000002
reference,2,22,300.0,uncertainty,nfsp,2000,-0.002,-0.014,-0.008
reference,2,33,300.0,uncertainty,nfsp,2000,-0.06775,0.039,-0.014375000000000002
reference,2,44,300.0,uncertainty,nfsp,2000,-0.068,0.095,0.013499999999999998
reference,2,55,300.0,uncertainty,nfsp,2000,-0.048,0.04675,-0.0006250000000000006
reference,3,11,300.0,uncertainty,nfsp,2000,0.54725,0.46225,0.50475
reference,3,22,300.0,uncertainty,nfsp,2000,0.584,0.2225,0.40325
reference,3,33,300.0,uncertainty,nfsp,2000,0.407,0.38175,0.394375
reference,3,44,300.0,uncertainty,nfsp,2000,0.3845,0.442,0.41325
reference,3,55,300.0,uncertainty,nfsp,2000,0.4245,0.565,0.49474999999999997
reference,4,11,300.0,uncertainty,nfsp,2000,0.445,0.357,0.401
reference,4,22,300.0,uncertainty,nfsp,2000,0.52425,0.31175,0.41800000000000004
reference,4,33,300.0,uncertainty,nfsp,2000,0.41475,0.28125,0.348
reference,4,44,300.0,uncertainty,nfsp,2000,0.32425,0.33725,0.33075
reference,4,55,300.0,uncertainty,nfsp,2000,0.3215,0.452,0.38675000000000004
reference,5,11,300.0,uncertainty,nfsp,2000,0.264,0.23625,0.250125
reference,5,22,300.0,uncertainty,nfsp,2000,0.32075,0.10925,0.215
reference,5,33,300.0,uncertainty,nfsp,2000,0.27725,0.241,0.259125
reference,5,44,300.0,uncertainty,nfsp,2000,0.306,0.143,0.22449999999999998
reference,5,55,300.0,uncertainty,nfsp,2000,0.18275,0.23425,0.20850000000000002
reference,1,11,300.0,uncertainty,cfr,2000,-0.10325,-0.0655,-0.084375
reference,1,22,300.0,uncertainty,cfr,2000,-0.126,-0.125,-0.1255
reference,1,33,300.0,uncertainty,cfr,2000,-0.0915,-0.12325,-0.107375
reference,1,44,300.0,uncertainty,cfr,2000,-0.10375,-0.06925,-0.0865
reference,1,55,300.0,uncertainty,cfr,2000,-0.172,-0.01325,-0.092625
reference,2,11,300.0,uncertainty,cfr,2000,-0.237,-0.218,-0.22749999999999998
reference,2,22,300.0,uncertainty,cfr,2000,-0.21,-0.25775,-0.233875
reference,2,33,300.0,uncertainty,cfr,2000,-0.19675,-0.2325,-0.214625
reference,2,44,300.0,uncertainty,cfr,2000,-0.28475,-0.22275,-0.25375000000000003
reference,2,55,300.0,uncertainty,cfr,2000,-0.2545,-0.08775,-0.171125
reference,3,11,300.0,uncertainty,cfr,2000,-0.427,-0.3585,-0.39275
reference,3,22,300.0,uncertainty,cfr,2000,-0.43475,-0.58125,-0.508
reference,3,33,300.0,uncertainty,cfr,2000,-0.438,-0.4585,-0.44825000000000004
reference,3,44,300.0,uncertainty,cfr,2000,-0.464,-0.50375,-0.48387500000000006
reference,3,55,300.0,uncertainty,cfr,2000,-0.5315,-0.354,-0.44275
reference,4,11,300.0,uncertainty,cfr,2000,-0.18825,-0.124,-0.156125
reference,4,22,300.0,uncertainty,cfr,2000,-0.13075,-0.183,-0.156875
reference,4,33,300.0,uncertainty,cfr,2000,-0.135,-0.13425,-0.134625
reference,4,44,300.0,uncertainty,cfr,2000,-0.1605,-0.1545,-0.1575
reference,4,55,300.0,uncertainty,cfr,2000,-0.185,-0.006,-0.0955
reference,5,11,300.0,uncertainty,cfr,2000,-0.2045,-0.20175,-0.203125
reference,5,22,300.0,uncertainty,cfr,2000,-0.1435,-0.2005,-0.172
reference,5,33,300.0,uncertainty,cfr,2000,-0.1795,-0.257,-0.21825
reference,5,44,300.0,uncertainty,cfr,2000,-0.2525,-0.1625,-0.20750000000000002
reference,5,55,300.0,uncertainty,cfr,2000,-0.19775,-0.11325,-0.1555
head_to_head,1,11,300.0,latest,uniform,2000,-0.85,-0.7625,-0.8062499999999999
head_to_head,1,22,300.0,latest,uniform,2000,-0.669,-0.8825,-0.7757499999999999
head_to_head,1,33,300.0,latest,uniform,2000,-0.7315,-0.842,-0.7867500000000001
head_to_head,1,44,300.0,latest,uniform,2000,-0.748,-0.725,-0.7364999999999999
head_to_head,1,55,300.0,latest,uniform,2000,-0.8865,-0.6905,-0.7885
head_to_head,2,11,300.0,latest,uniform,2000,-0.491,-0.48,-0.4855
head_to_head,2,22,300.0,latest,uniform,2000,-0.4755,-0.623,-0.54925
head_to_head,2,33,300.0,latest,uniform,2000,-0.5165,-0.53,-0.52325
head_to_head,2,44,300.0,latest,uniform,2000,-0.574,-0.531,-0.5525
head_to_head,2,55,300.0,latest,uniform,2000,-0.659,-0.5295,-0.59425
head_to_head,3,11,300.0,latest,uniform,2000,-0.0145,0.0785,0.032
head_to_head,3,22,300.0,latest,uniform,2000,0.131,0.001,0.066
head_to_head,3,33,300.0,latest,uniform,2000,0.0635,-0.0125,0.025500000000000002
head_to_head,3,44,300.0,latest,uniform,2000,-0.002,0.048,0.023
head_to_head,3,55,300.0,latest,uniform,2000,-0.0175,0.1045,0.0435
head_to_head,4,11,300.0,latest,uniform,2000,-0.21175,-0.1845,-0.198125
head_to_head,4,22,300.0,latest,uniform,2000,-0.1335,-0.26575,-0.199625
head_to_head,4,33,300.0,latest,uniform,2000,-0.2005,-0.246,-0.22325
head_to_head,4,44,300.0,latest,uniform,2000,-0.22175,-0.13525,-0.1785
head_to_head,4,55,300.0,latest,uniform,2000,-0.242,-0.04725,-0.144625
head_to_head,5,11,300.0,latest,uniform,2000,-0.501,-0.328,-0.4145
head_to_head,5,22,300.0,latest,uniform,2000,-0.3775,-0.531,-0.45425000000000004
head_to_head,5,33,300.0,latest,uniform,2000,-0.3655,-0.467,-0.41625
head_to_head,5,44,300.0,latest,uniform,2000,-0.4335,-0.474,-0.45375
head_to_head,5,55,300.0,latest,uniform,2000,-0.4245,-0.371,-0.39775
head_to_head,1,11,300.0,latest,pfsp,2000,-0.6545,-0.5495,-0.602
head_to_head,1,22,300.0,latest,pfsp,2000,-0.5505,-0.6695,-0.61
head_to_head,1,33,300.0,latest,pfsp,2000,-0.6005,-0.675,-0.63775
head_to_head,1,44,300.0,latest,pfsp,2000,-0.5205,-0.5075,-0.514
head_to_head,1,55,300.0,latest,pfsp,2000,-0.7555,-0.606,-0.68075
head_to_head,2,11,300.0,latest,pfsp,2000,-0.2165,-0.09,-0.15325
head_to_head,2,22,300.0,latest,pfsp,2000,-0.095,-0.263,-0.179
head_to_head,2,33,300.0,latest,pfsp,2000,-0.1615,-0.222,-0.19175
head_to_head,2,44,300.0,latest,pfsp,2000,-0.1825,-0.1815,-0.182
head_to_head,2,55,300.0,latest,pfsp,2000,-0.2215,-0.121,-0.17125
head_to_head,3,11,300.0,latest,pfsp,2000,0.384,0.4815,0.43274999999999997
head_to_head,3,22,300.0,latest,pfsp,2000,0.486,0.358,0.422
head_to_head,3,33,300.0,latest,pfsp,2000,0.425,0.3835,0.40425
head_to_head,3,44,300.0,latest,pfsp,2000,0.388,0.4645,0.42625
head_to_head,3,55,300.0,latest,pfsp,2000,0.3375,0.4775,0.4075
head_to_head,4,11,300.0,latest,pfsp,2000,-0.412,-0.257,-0.3345
head_to_head,4,22,300.0,latest,pfsp,2000,-0.2805,-0.4385,-0.35950000000000004
head_to_head,4,33,300.0,latest,pfsp,2000,-0.3545,-0.419,-0.38675
head_to_head,4,44,300.0,latest,pfsp,2000,-0.4105,-0.349,-0.37975
head_to_head,4,55,300.0,latest,pfsp,2000,-0.4375,-0.22,-0.32875
head_to_head,5,11,300.0,latest,pfsp,2000,-0.779,-0.692,-0.7355
head_to_head,5,22,300.0,latest,pfsp,2000,-0.698,-0.897,-0.7975
head_to_head,5,33,300.0,latest,pfsp,2000,-0.6645,-0.741,-0.70275
head_to_head,5,44,300.0,latest,pfsp,2000,-0.778,-0.775,-0.7765
head_to_head,5,55,300.0,latest,pfsp,2000,-0.856,-0.7105,-0.78325
head_to_head,1,11,300.0,latest,uncertainty,2000,-0.9915,-0.866,-0.92875
head_to_head,1,22,300.0,latest,uncertainty,2000,-0.8805,-1.0205,-0.9504999999999999
head_to_head,1,33,300.0,latest,uncertainty,2000,-0.8915,-0.9325,-0.9119999999999999
head_to_head,1,44,300.0,latest,uncertainty,2000,-0.878,-0.868,-0.873
head_to_head,1,55,300.0,latest,uncertainty,2000,-0.97,-0.8445,-0.90725
head_to_head,2,11,300.0,latest,uncertainty,2000,0.2325,0.2375,0.235
head_to_head,2,22,300.0,latest,uncertainty,2000,0.2705,0.1175,0.194
head_to_head,2,33,300.0,latest,uncertainty,2000,0.29,0.183,0.2365
head_to_head,2,44,300.0,latest,uncertainty,2000,0.2255,0.2345,0.22999999999999998
head_to_head,2,55,300.0,latest,uncertainty,2000,0.167,0.245,0.20600000000000002
head_to_head,3,11,300.0,latest,uncertainty,2000,0.1725,0.313,0.24275
head_to_head,3,22,300.0,latest,uncertainty,2000,0.374,0.169,0.2715
head_to_head,3,33,300.0,latest,uncertainty,2000,0.226,0.1845,0.20525
head_to_head,3,44,300.0,latest,uncertainty,2000,0.1855,0.3215,0.2535
head_to_head,3,55,300.0,latest,uncertainty,2000,0.1375,0.31,0.22375
head_to_head,4,11,300.0,latest,uncertainty,2000,-0.7365,-0.6,-0.66825
head_to_head,4,22,300.0,latest,uncertainty,2000,-0.5785,-0.7065,-0.6425000000000001
head_to_head,4,33,300.0,latest,uncertainty,2000,-0.6675,-0.7235,-0.6955
head_to_head,4,44,300.0,latest,uncertainty,2000,-0.735,-0.6875,-0.7112499999999999
head_to_head,4,55,300.0,latest,uncertainty,2000,-0.738,-0.545,-0.6415
head_to_head,5,11,300.0,latest,uncertainty,2000,-0.796,-0.7585,-0.77725
head_to_head,5,22,300.0,latest,uncertainty,2000,-0.749,-0.8325,-0.7907500000000001
head_to_head,5,33,300.0,latest,uncertainty,2000,-0.748,-0.7505,-0.74925
head_to_head,5,44,300.0,latest,uncertainty,2000,-0.807,-0.7635,-0.78525
head_to_head,5,55,300.0,latest,uncertainty,2000,-0.915,-0.834,-0.8745
head_to_head,1,11,300.0,uniform,pfsp,2000,0.134,0.1975,0.16575
head_to_head,1,22,300.0,uniform,pfsp,2000,0.202,0.166,0.184
head_to_head,1,33,300.0,uniform,pfsp,2000,0.2465,0.118,0.18225
head_to_head,1,44,300.0,uniform,pfsp,2000,0.2075,0.1135,0.1605
head_to_head,1,55,300.0,uniform,pfsp,2000,0.1115,0.2375,0.1745
head_to_head,2,11,300.0,uniform,pfsp,2000,-0.151,-0.0655,-0.10825
head_to_head,2,22,300.0,uniform,pfsp,2000,-0.0635,-0.1575,-0.1105
head_to_head,2,33,300.0,uniform,pfsp,2000,-0.1355,-0.162,-0.14875
head_to_head,2,44,300.0,uniform,pfsp,2000,-0.0925,-0.091,-0.09175
head_to_head,2,55,300.0,uniform,pfsp,2000,-0.137,-0.018,-0.0775
head_to_head,3,11,300.0,uniform,pfsp,2000,-0.529,-0.4475,-0.48825
head_to_head,3,22,300.0,uniform,pfsp,2000,-0.4585,-0.516,-0.48725
head_to_head,3,33,300.0,uniform,pfsp,2000,-0.432,-0.492,-0.46199999999999997
head_to_head,3,44,300.0,uniform,pfsp,2000,-0.4965,-0.458,-0.47725
head_to_head,3,55,300.0,uniform,pfsp,2000,-0.55,-0.399,-0.47450000000000003
head_to_head,4,11,300.0,uniform,pfsp,2000,-0.009,0.08325,0.037125000000000005
head_to_head,4,22,300.0,uniform,pfsp,2000,0.04425,0.017,0.030625
head_to_head,4,33,300.0,uniform,pfsp,2000,0.1245,0.0195,0.072
head_to_head,4,44,300.0,uniform,pfsp,2000,0.12725,0.01925,0.07325
head_to_head,4,55,300.0,uniform,pfsp,2000,-0.10675,0.0855,-0.010624999999999996
head_to_head,5,11,300.0,uniform,pfsp,2000,-0.3655,-0.3125,-0.33899999999999997
head_to_head,5,22,300.0,uniform,pfsp,2000,-0.309,-0.4385,-0.37375
head_to_head,5,33,300.0,uniform,pfsp,2000,-0.3185,-0.382,-0.35025
head_to_head,5,44,300.0,uniform,pfsp,2000,-0.382,-0.3345,-0.35825
head_to_head,5,55,300.0,uniform,pfsp,2000,-0.4115,-0.272,-0.34175
head_to_head,1,11,300.0,uniform,uncertainty,2000,-0.0135,0.0275,0.007
head_to_head,1,22,300.0,uniform,uncertainty,2000,0.0695,-0.013,0.028250000000000004
head_to_head,1,33,300.0,uniform,uncertainty,2000,0.0655,0.038,0.051750000000000004
head_to_head,1,44,300.0,uniform,uncertainty,2000,-0.033,0.009,-0.012
head_to_head,1,55,300.0,uniform,uncertainty,2000,-0.0115,0.112,0.05025
head_to_head,2,11,300.0,uniform,uncertainty,2000,0.5725,0.6555,0.614
head_to_head,2,22,300.0,uniform,uncertainty,2000,0.7555,0.5965,0.6759999999999999
head_to_head,2,33,300.0,uniform,uncertainty,2000,0.6725,0.6085,0.6405000000000001
head_to_head,2,44,300.0,uniform,uncertainty,2000,0.6385,0.6645,0.6515
head_to_head,2,55,300.0,uniform,uncertainty,2000,0.4685,0.6555,0.562
head_to_head,3,11,300.0,uniform,uncertainty,2000,0.4255,0.533,0.47925
head_to_head,3,22,300.0,uniform,uncertainty,2000,0.524,0.395,0.4595
head_to_head,3,33,300.0,uniform,uncertainty,2000,0.462,0.4195,0.44075
head_to_head,3,44,300.0,uniform,uncertainty,2000,0.4525,0.5265,0.4895
head_to_head,3,55,300.0,uniform,uncertainty,2000,0.3625,0.464,0.41325
head_to_head,4,11,300.0,uniform,uncertainty,2000,0.075,0.17625,0.125625
head_to_head,4,22,300.0,uniform,uncertainty,2000,0.12925,0.098,0.113625
head_to_head,4,33,300.0,uniform,uncertainty,2000,0.2105,0.1455,0.178
head_to_head,4,44,300.0,uniform,uncertainty,2000,0.19425,0.10325,0.14875
head_to_head,4,55,300.0,uniform,uncertainty,2000,-0.02375,0.1365,0.05637500000000001
head_to_head,5,11,300.0,uniform,uncertainty,2000,-0.5455,-0.4495,-0.4975
head_to_head,5,22,300.0,uniform,uncertainty,2000,-0.446,-0.547,-0.49650000000000005
head_to_head,5,33,300.0,uniform,uncertainty,2000,-0.4475,-0.5205,-0.484
head_to_head,5,44,300.0,uniform,uncertainty,2000,-0.4785,-0.4535,-0.46599999999999997
head_to_head,5,55,300.0,uniform,uncertainty,2000,-0.531,-0.396,-0.4635
head_to_head,1,11,300.0,pfsp,uncertainty,2000,-0.095,-0.077,-0.086
head_to_head,1,22,300.0,pfsp,uncertainty,2000,0.005,-0.137,-0.066
head_to_head,1,33,300.0,pfsp,uncertainty,2000,-0.012,-0.055,-0.0335
head_to_head,1,44,300.0,pfsp,uncertainty,2000,-0.094,-0.0915,-0.09275
head_to_head,1,55,300.0,pfsp,uncertainty,2000,-0.104,0.0045,-0.049749999999999996
head_to_head,2,11,300.0,pfsp,uncertainty,2000,0.21,0.261,0.2355
head_to_head,2,22,300.0,pfsp,uncertainty,2000,0.3705,0.195,0.28275
head_to_head,2,33,300.0,pfsp,uncertainty,2000,0.319,0.307,0.313
head_to_head,2,44,300.0,pfsp,uncertainty,2000,0.1895,0.268,0.22875
head_to_head,2,55,300.0,pfsp,uncertainty,2000,0.169,0.315,0.242
head_to_head,3,11,300.0,pfsp,uncertainty,2000,0.205,0.2835,0.24424999999999997
head_to_head,3,22,300.0,pfsp,uncertainty,2000,0.327,0.1995,0.26325
head_to_head,3,33,300.0,pfsp,uncertainty,2000,0.2525,0.199,0.22575
head_to_head,3,44,300.0,pfsp,uncertainty,2000,0.2,0.291,0.2455
head_to_head,3,55,300.0,pfsp,uncertainty,2000,0.1315,0.2445,0.188
head_to_head,4,11,300.0,pfsp,uncertainty,2000,0.7315,0.755,0.74325
head_to_head,4,22,300.0,pfsp,uncertainty,2000,0.806,0.769,0.7875000000000001
head_to_head,4,33,300.0,pfsp,uncertainty,2000,0.7645,0.728,0.74625
head_to_head,4,44,300.0,pfsp,uncertainty,2000,0.705,0.7385,0.72175
head_to_head,4,55,300.0,pfsp,uncertainty,2000,0.738,0.795,0.7665
head_to_head,5,11,300.0,pfsp,uncertainty,2000,0.077,0.1455,0.11124999999999999
head_to_head,5,22,300.0,pfsp,uncertainty,2000,0.1525,0.082,0.11725
head_to_head,5,33,300.0,pfsp,uncertainty,2000,0.1705,0.091,0.13075
head_to_head,5,44,300.0,pfsp,uncertainty,2000,0.1415,0.1585,0.15
head_to_head,5,55,300.0,pfsp,uncertainty,2000,0.0425,0.166,0.10425000000000001
