strategy,training_seed,budget_seconds,checkpoint_seconds,evaluation_games,max_pool_size,beta,epsilon,temperature,completed_episodes,training_elapsed_seconds,post_training_evaluation_seconds,historical_checkpoint_count,final_pool_size,run_directory,action
latest,1,300.0,30.0,100,10,1.0,0.1,1.0,167560,300.0012065,0.27891024999996716,10,10,artifacts/pool-latest-seed1-budget300s,trained
uniform,1,300.0,30.0,100,10,1.0,0.1,1.0,212974,300.00164854200005,0.31250262499997916,10,10,artifacts/pool-uniform-seed1-budget300s,trained
pfsp,1,300.0,30.0,100,10,1.0,0.1,1.0,191341,300.001743291,0.2520091669999829,10,10,artifacts/pool-pfsp-seed1-budget300s,trained
uncertainty,1,300.0,30.0,100,10,1.0,0.1,1.0,172903,300.001928875,0.28262241599986737,10,10,artifacts/pool-uncertainty-seed1-budget300s,trained
latest,2,300.0,30.0,100,10,1.0,0.1,1.0,129299,300.00009275,0.28540795800017804,10,10,artifacts/pool-latest-seed2-budget300s,trained
uniform,2,300.0,30.0,100,10,1.0,0.1,1.0,136420,300.0018480829999,0.3090733330000148,10,10,artifacts/pool-uniform-seed2-budget300s,trained
pfsp,2,300.0,30.0,100,10,1.0,0.1,1.0,143403,300.000172667,0.2759445830001823,10,10,artifacts/pool-pfsp-seed2-budget300s,trained
uncertainty,2,300.0,30.0,100,10,1.0,0.1,1.0,139837,300.00083262499993,0.37750337500028763,10,10,artifacts/pool-uncertainty-seed2-budget300s,trained
latest,3,300.0,30.0,100,10,1.0,0.1,1.0,145646,300.002302375,0.2964519580000342,10,10,artifacts/pool-latest-seed3-budget300s,trained
uniform,3,300.0,30.0,100,10,1.0,0.1,1.0,141823,300.0011609160001,0.3046901660000003,10,10,artifacts/pool-uniform-seed3-budget300s,trained
pfsp,3,300.0,30.0,100,10,1.0,0.1,1.0,135735,300.0002227499999,0.32587591700030316,10,10,artifacts/pool-pfsp-seed3-budget300s,trained
uncertainty,3,300.0,30.0,100,10,1.0,0.1,1.0,138330,300.00080725,0.3184214580001026,10,10,artifacts/pool-uncertainty-seed3-budget300s,trained
latest,4,300.0,30.0,100,10,1.0,0.1,1.0,137146,300.00120833400024,0.3395319579999523,10,10,artifacts/pool-latest-seed4-budget300s,trained
uniform,4,300.0,30.0,100,10,1.0,0.1,1.0,130844,300.00113825000017,0.2544450830000642,10,10,artifacts/pool-uniform-seed4-budget300s,trained
pfsp,4,300.0,30.0,100,10,1.0,0.1,1.0,134742,300.00188895800056,0.2759989999995014,10,10,artifacts/pool-pfsp-seed4-budget300s,trained
uncertainty,4,300.0,30.0,100,10,1.0,0.1,1.0,142798,300.0010394159999,0.30403179099994304,10,10,artifacts/pool-uncertainty-seed4-budget300s,trained
latest,5,300.0,30.0,100,10,1.0,0.1,1.0,140332,300.001387542,0.30079824999938864,10,10,artifacts/pool-latest-seed5-budget300s,trained
uniform,5,300.0,30.0,100,10,1.0,0.1,1.0,141833,300.00199362500007,0.29859679200035316,10,10,artifacts/pool-uniform-seed5-budget300s,trained
pfsp,5,300.0,30.0,100,10,1.0,0.1,1.0,135077,300.0023369589999,0.280119167000521,10,10,artifacts/pool-pfsp-seed5-budget300s,trained
uncertainty,5,300.0,30.0,100,10,1.0,0.1,1.0,145010,300.0018049999999,0.28097716699994635,10,10,artifacts/pool-uncertainty-seed5-budget300s,trained
